{
  "Linear Regression (90F)": {
    "test_rmse": 241.1319413251957,
    "test_r2": 0.8054327559318232,
    "test_mae": 179.61321135140034,
    "test_mape": 61.373178460025755,
    "test_smape": 35.17291004669842,
    "training_time": 0.05583477020263672
  },
  "Ridge Regression (90F)": {
    "test_rmse": 244.65261502515398,
    "test_r2": 0.7997096771778046,
    "test_mae": 183.4311934242932,
    "test_mape": 62.36395825725207,
    "test_smape": 36.563310415634774,
    "training_time": 0.04066801071166992
  },
  "Lasso Regression (90F)": {
    "test_rmse": 214.70944656860718,
    "test_r2": 0.8457367249917543,
    "test_mae": 151.42729133343386,
    "test_mape": 56.08008188509911,
    "test_smape": 26.30739345714097,
    "training_time": 3.715817928314209
  },
  "KNN Regression (90F)": {
    "test_rmse": 349.19276065938413,
    "test_r2": 0.5919713061009322,
    "test_mae": 276.0882301860488,
    "test_mape": 73.93299622347814,
    "test_smape": 46.4260174503697,
    "training_time": 0.0038042068481445312
  },
  "Neural Network Basic (90F)": {
    "test_rmse": 229.21858224379707,
    "test_r2": 0.8241833963778264,
    "test_mae": 183.86462705045895,
    "test_mape": 62.53307193771239,
    "test_smape": 31.715463984355193,
    "training_time": 16.5048189163208
  },
  "Neural Network Deep (90F)": {
    "test_rmse": 226.1130403446128,
    "test_r2": 0.8289151862254477,
    "test_mae": 176.31101293493774,
    "test_mape": 60.346065697915684,
    "test_smape": 31.082120029019535,
    "training_time": 27.451592922210693
  },
  "SVR Linear (90F)": {
    "test_rmse": 230.41278709532233,
    "test_r2": 0.8223466519350233,
    "test_mae": 152.73521382566994,
    "test_mape": 57.611556851866766,
    "test_smape": 24.98945909107985,
    "training_time": 1.5609619617462158
  },
  "SVR RBF (90F)": {
    "test_rmse": 582.118534938128,
    "test_r2": -0.13392178085564788,
    "test_mae": 425.4346092283164,
    "test_mape": 158.32822871987034,
    "test_smape": 57.79229827825397,
    "training_time": 1.6491849422454834
  },
  "SVR Poly (90F)": {
    "test_rmse": 662.5409558597551,
    "test_r2": -0.46887791810299495,
    "test_mae": 513.3545964488997,
    "test_mape": 125.60211808885691,
    "test_smape": 75.22236174853842,
    "training_time": 1.312101125717163
  },
  "Bagging Linear (90F)": {
    "test_rmse": 356.2505153123555,
    "test_r2": 0.5753107728578779,
    "test_mae": 286.5047214551662,
    "test_mape": 84.21624374526667,
    "test_smape": 58.909445909553504,
    "training_time": 3.173907995223999
  },
  "Bagging Ridge (90F)": {
    "test_rmse": 355.7569368832566,
    "test_r2": 0.5764867556119297,
    "test_mae": 285.92990730339756,
    "test_mape": 84.11004165314672,
    "test_smape": 58.73893047660289,
    "training_time": 0.30706024169921875
  },
  "Bagging KNN (90F)": {
    "test_rmse": 331.05333218820573,
    "test_r2": 0.6332617828683571,
    "test_mae": 261.35796940211964,
    "test_mape": 79.93666785757873,
    "test_smape": 40.90009983259855,
    "training_time": 0.12186169624328613
  },
  "Bagging SVR (90F)": {
    "test_rmse": 492.21061707638455,
    "test_r2": 0.18929622228241472,
    "test_mae": 364.61749942891447,
    "test_mape": 145.14352503308643,
    "test_smape": 50.49184755975226,
    "training_time": 2.451728105545044
  },
  "Bagging Neural Net (90F)": {
    "test_rmse": 569.5296249154761,
    "test_r2": -0.08540765732742495,
    "test_mae": 160.6457773984003,
    "test_mape": 112.36950406302849,
    "test_smape": 22.776010172692985,
    "training_time": 312.93730783462524
  },
  "Voting Linear Models (90F)": {
    "test_rmse": 243.0378613295023,
    "test_r2": 0.802344860323304,
    "test_mae": 181.68624992057983,
    "test_mape": 61.90175106895685,
    "test_smape": 35.92690060688642,
    "training_time": 0.08765101432800293
  },
  "Voting All Four (90F)": {
    "test_rmse": 299.04827072377446,
    "test_r2": 0.7007440231922542,
    "test_mae": 232.12417426756272,
    "test_mape": 77.31701606050856,
    "test_smape": 34.37197753856985,
    "training_time": 24.45710515975952
  },
  "Voting Linear+NN (90F)": {
    "test_rmse": 201.981620456503,
    "test_r2": 0.8634838768600491,
    "test_mae": 151.31722535066652,
    "test_mape": 53.206199695879555,
    "test_smape": 26.14393760310679,
    "training_time": 20.627381086349487
  },
  "Voting KNN+SVR (90F)": {
    "test_rmse": 422.41462303077816,
    "test_r2": 0.40291229242257176,
    "test_mae": 332.2411443240084,
    "test_mape": 113.1646760324433,
    "test_smape": 47.892227114943,
    "training_time": 1.7716379165649414
  },
  "Stacking Linear (90F)": {
    "test_rmse": 356.21185232657353,
    "test_r2": 0.5754029487950203,
    "test_mae": 281.3779904587489,
    "test_mape": 72.39031696324238,
    "test_smape": 48.001141480056766,
    "training_time": 1.0013580322265625e-05
  },
  "Stacking Ridge (90F)": {
    "test_rmse": 356.21184887387426,
    "test_r2": 0.5754029570261104,
    "test_mae": 281.3779877268425,
    "test_mape": 72.39031957494689,
    "test_smape": 48.001141196347184,
    "training_time": 9.5367431640625e-07
  },
  "Stacking Lasso (90F)": {
    "test_rmse": 354.8191326675098,
    "test_r2": 0.5787166433548073,
    "test_mae": 280.3181970432734,
    "test_mape": 72.55631560089725,
    "test_smape": 47.79098543211325,
    "training_time": 1.6689300537109375e-06
  },
  "Stacking KNN (90F)": {
    "test_rmse": 258.12234183429746,
    "test_r2": 0.7770479677256594,
    "test_mae": 203.7341010107516,
    "test_mape": 56.17184744385874,
    "test_smape": 33.40110217813406,
    "training_time": 1.9073486328125e-06
  },
  "Stacking SVR (90F)": {
    "test_rmse": 300.009686288211,
    "test_r2": 0.6988167635288132,
    "test_mae": 224.07860497543294,
    "test_mape": 78.09543214794701,
    "test_smape": 33.12204080949548,
    "training_time": 3.0994415283203125e-06
  },
  "Stacking NN (90F)": {
    "test_rmse": 350.6795655692677,
    "test_r2": 0.58848927175864,
    "test_mae": 276.23046755486246,
    "test_mape": 70.04041599571902,
    "test_smape": 47.197210660015706,
    "training_time": 9.5367431640625e-07
  }
}