{
  "Optimal_Neural_Network": {
    "test_rmse": 471.9877774178549,
    "test_r2": 0.2545444597429165,
    "test_mae": 360.66138776440266,
    "test_mape": 92.50446341173922,
    "test_smape": 53.39714181907138,
    "test_msle": NaN,
    "test_evs": 0.6040774776413277,
    "test_mase": 1.7074145548024913,
    "training_time": 88.08763003349304
  },
  "Optimal_XGBoost": {
    "test_rmse": 357.27432509148485,
    "test_r2": 0.5728662809003324,
    "test_mae": 277.35089329396646,
    "test_mape": 69.02907133371926,
    "test_smape": 42.637698303203955,
    "test_msle": 0.3678491234986406,
    "test_evs": 0.7793119003236062,
    "test_mase": 1.3130126153314012,
    "training_time": 1.1463110446929932
  },
  "Optimal_Gradient_Boosting": {
    "test_rmse": 392.71240217770077,
    "test_r2": 0.48392897526674994,
    "test_mae": 300.90422696714006,
    "test_mape": 85.23430033103485,
    "test_smape": 42.51054354119893,
    "test_msle": 0.415795103180229,
    "test_evs": 0.7191371955146582,
    "test_mase": 1.4245169406959073,
    "training_time": 7.293439865112305
  },
  "Average_Ensemble": {
    "test_rmse": 399.0679859962069,
    "test_r2": 0.4670898148891749,
    "test_mae": 310.37361224367913,
    "test_mape": 81.16388303769803,
    "test_smape": 44.512340258232314,
    "test_msle": 0.4110513131710624,
    "test_evs": 0.7273798192828136,
    "test_mase": 1.4693461538989487,
    "training_time": 9.5367431640625e-07
  },
  "Weighted_Ensemble": {
    "test_rmse": 395.3144132228851,
    "test_r2": 0.47706761261711605,
    "test_mae": 307.4644248827487,
    "test_mape": 80.41950562575391,
    "test_smape": 44.13925697606968,
    "test_msle": 0.40640327666929343,
    "test_evs": 0.7324283135066485,
    "test_mase": 1.4555737096861383,
    "training_time": 9.5367431640625e-07
  },
  "Voting_Ensemble": {
    "test_rmse": 395.3144132228851,
    "test_r2": 0.47706761261711605,
    "test_mae": 307.4644248827487,
    "test_mape": 80.41950562575391,
    "test_smape": 44.13925697606968,
    "test_msle": 0.40640327666929343,
    "test_evs": 0.7324283135066485,
    "test_mase": 1.4555737096861383,
    "training_time": 105.31337904930115
  }
}